signer0_sample7,15
signer0_sample10,12
signer0_sample21,4
signer0_sample23,18
signer0_sample48,3
signer0_sample50,15
signer0_sample58,1
signer0_sample61,17
signer0_sample68,2
signer0_sample69,8
signer0_sample72,12
signer0_sample93,19
signer0_sample98,6
signer0_sample113,14
signer0_sample136,12
signer0_sample139,0
signer0_sample140,11
signer0_sample157,7
signer0_sample169,13
signer0_sample181,19
signer0_sample183,3
signer0_sample208,18
signer0_sample214,1
signer0_sample219,7
signer0_sample232,6
signer0_sample240,16
signer0_sample263,2
signer0_sample266,1
signer0_sample286,11
signer0_sample289,5
signer0_sample295,13
signer0_sample318,19
signer0_sample326,6
signer0_sample329,18
signer0_sample344,18
signer0_sample367,4
signer0_sample370,9
signer0_sample372,14
signer0_sample373,5
signer0_sample404,16
signer0_sample424,2
signer0_sample431,10
signer0_sample432,16
signer0_sample434,17
signer0_sample490,1
signer0_sample499,6
signer0_sample501,14
signer0_sample510,3
signer0_sample511,5
signer0_sample515,10
signer0_sample517,16
signer0_sample535,17
signer0_sample551,2
signer0_sample552,15
signer0_sample560,19
signer0_sample579,4
signer0_sample581,18
signer0_sample582,7
signer0_sample603,18
signer0_sample615,13
signer0_sample651,15
signer0_sample663,4
signer0_sample683,11
signer0_sample684,3
signer0_sample708,9
signer0_sample714,4
signer0_sample716,5
signer0_sample718,8
signer0_sample727,7
signer0_sample752,13
signer0_sample767,12
signer0_sample775,17
signer0_sample784,0
signer0_sample805,2
signer0_sample809,7
signer0_sample823,6
signer0_sample852,8
signer0_sample891,17
signer0_sample892,10
signer0_sample896,11
signer0_sample937,7
signer0_sample943,1
signer0_sample967,15
signer0_sample975,5
signer0_sample1013,19
signer0_sample1022,9
signer0_sample1028,9
signer0_sample1030,14
signer0_sample1034,10
signer0_sample1035,1
signer0_sample1044,10
signer0_sample1049,5
signer0_sample1056,15
signer0_sample1075,4
signer0_sample1088,14
signer0_sample1092,3
signer0_sample1093,19
signer0_sample1104,11
signer0_sample1131,2
signer0_sample1143,13
signer0_sample1151,16
signer0_sample1160,9
signer0_sample1163,12
signer0_sample1168,12
signer0_sample1172,16
signer0_sample1179,14
signer0_sample1203,17
signer0_sample1213,9
signer0_sample1219,10
signer0_sample1226,3
signer0_sample1287,0
signer0_sample1288,8
signer0_sample1298,8
signer0_sample1328,11
signer0_sample1330,13
signer0_sample1340,8
signer0_sample1341,6
signer2_sample27,16
signer2_sample41,15
signer2_sample46,5
signer2_sample47,15
signer2_sample60,3
signer2_sample62,16
signer2_sample73,1
signer2_sample76,8
signer2_sample82,12
signer2_sample86,12
signer2_sample97,11
signer2_sample116,10
signer2_sample128,14
signer2_sample135,18
signer2_sample142,17
signer2_sample144,9
signer2_sample162,1
signer2_sample168,2
signer2_sample191,8
signer2_sample198,5
signer2_sample199,4
signer2_sample205,8
signer2_sample259,19
signer2_sample263,2
signer2_sample269,14
signer2_sample271,13
signer2_sample287,18
signer2_sample289,13
signer2_sample299,9
signer2_sample309,7
signer2_sample312,7
signer2_sample313,3
signer2_sample318,4
signer2_sample330,15
signer2_sample337,4
signer2_sample387,10
signer2_sample396,15
signer2_sample406,1
signer2_sample411,0
signer2_sample413,7
signer2_sample437,13
signer2_sample448,9
signer2_sample453,18
signer2_sample460,3
signer2_sample470,18
signer2_sample484,16
signer2_sample486,3
signer2_sample494,17
signer2_sample501,15
signer2_sample503,0
signer2_sample511,16
signer2_sample520,0
signer2_sample523,17
signer2_sample538,11
signer2_sample556,8
signer2_sample563,6
signer2_sample580,19
signer2_sample600,12
signer2_sample620,5
signer2_sample623,16
signer2_sample627,4
signer2_sample637,17
signer2_sample651,0
signer2_sample663,16
signer2_sample671,6
signer2_sample693,11
signer2_sample704,10
signer2_sample710,11
signer2_sample722,1
signer2_sample745,13
signer2_sample771,9
signer2_sample776,5
signer2_sample788,7
signer2_sample796,2
signer2_sample800,2
signer2_sample811,9
signer2_sample827,6
signer2_sample843,17
signer2_sample850,1
signer2_sample856,15
signer2_sample879,12
signer2_sample888,0
signer2_sample914,12
signer2_sample915,14
signer2_sample931,6
signer2_sample935,19
signer2_sample947,13
signer2_sample951,10
signer2_sample963,12
signer2_sample996,5
signer2_sample1009,8
signer2_sample1016,18
signer2_sample1024,7
signer2_sample1026,18
signer2_sample1035,2
signer2_sample1036,3
signer2_sample1040,6
signer2_sample1047,14
signer2_sample1061,11
signer2_sample1069,0
signer2_sample1074,4
signer2_sample1078,14
signer2_sample1107,14
signer2_sample1132,9
signer2_sample1168,7
signer2_sample1171,11
signer2_sample1198,19
signer2_sample1227,5
signer2_sample1238,6
signer2_sample1240,13
signer2_sample1263,8
signer2_sample1279,1
signer2_sample1309,19
signer2_sample1313,2
signer2_sample1321,10
signer2_sample1329,17
signer2_sample1333,3
signer2_sample1338,10
signer2_sample1344,19
signer2_sample1354,4
signer3_sample5,0
signer3_sample18,1
signer3_sample21,16
signer3_sample32,11
signer3_sample46,11
signer3_sample56,9
signer3_sample64,15
signer3_sample82,17
signer3_sample84,7
signer3_sample105,15
signer3_sample108,12
signer3_sample120,7
signer3_sample125,4
signer3_sample152,0
signer3_sample166,2
signer3_sample179,19
signer3_sample197,5
signer3_sample205,1
signer3_sample211,4
signer3_sample213,17
signer3_sample219,7
signer3_sample225,8
signer3_sample227,9
signer3_sample255,3
signer3_sample262,5
signer3_sample264,9
signer3_sample285,12
signer3_sample292,18
signer3_sample314,6
signer3_sample324,14
signer3_sample325,4
signer3_sample331,18
signer3_sample337,19
signer3_sample338,1
signer3_sample345,6
signer3_sample358,10
signer3_sample373,14
signer3_sample376,10
signer3_sample390,3
signer3_sample392,13
signer3_sample420,0
signer3_sample421,2
signer3_sample461,16
signer3_sample466,16
signer3_sample470,8
signer3_sample474,11
signer3_sample490,19
signer3_sample493,3
signer3_sample516,14
signer3_sample528,10
signer3_sample534,2
signer3_sample544,17
signer3_sample549,12
signer3_sample556,13
signer3_sample560,13
signer3_sample567,6
signer3_sample600,5
signer3_sample612,8
signer3_sample632,18
signer3_sample638,15
signer4_sample2,0
signer4_sample8,18
signer4_sample12,5
signer4_sample29,3
signer4_sample38,17
signer4_sample47,4
signer4_sample74,11
signer4_sample78,10
signer4_sample84,4
signer4_sample92,8
signer4_sample102,1
signer4_sample119,13
signer4_sample141,6
signer4_sample165,9
signer4_sample168,18
signer4_sample199,16
signer4_sample200,7
signer4_sample203,19
signer4_sample207,16
signer4_sample219,3
signer4_sample220,13
signer4_sample221,1
signer4_sample244,17
signer4_sample275,16
signer4_sample278,9
signer4_sample291,17
signer4_sample314,18
signer4_sample321,14
signer4_sample326,5
signer4_sample327,14
signer4_sample334,2
signer4_sample336,8
signer4_sample344,10
signer4_sample357,13
signer4_sample363,19
signer4_sample370,5
signer4_sample416,2
signer4_sample423,19
signer4_sample429,15
signer4_sample432,10
signer4_sample434,9
signer4_sample457,0
signer4_sample471,7
signer4_sample483,0
signer4_sample491,6
signer4_sample504,7
signer4_sample508,15
signer4_sample516,6
signer4_sample529,15
signer4_sample553,14
signer4_sample558,4
signer4_sample594,3
signer4_sample639,11
signer4_sample646,11
signer4_sample647,2
signer4_sample648,1
signer4_sample666,8
signer5_sample24,11
signer5_sample27,14
signer5_sample39,8
signer5_sample61,2
signer5_sample66,5
signer5_sample97,9
signer5_sample102,6
signer5_sample111,17
signer5_sample126,0
signer5_sample135,1
signer5_sample153,17
signer5_sample178,4
signer5_sample179,13
signer5_sample194,9
signer5_sample219,5
signer5_sample238,12
signer5_sample303,7
signer5_sample306,19
signer5_sample307,0
signer5_sample327,19
signer5_sample347,18
signer5_sample365,0
signer5_sample369,4
signer5_sample376,4
signer5_sample383,10
signer5_sample396,8
signer5_sample397,11
signer5_sample402,6
signer5_sample409,19
signer5_sample428,16
signer5_sample429,2
signer5_sample430,17
signer5_sample431,16
signer5_sample444,10
signer5_sample446,5
signer5_sample450,8
signer5_sample463,1
signer5_sample468,13
signer5_sample469,15
signer5_sample485,3
signer5_sample486,13
signer5_sample494,16
signer5_sample503,10
signer5_sample507,18
signer5_sample512,14
signer5_sample523,14
signer5_sample557,15
signer5_sample577,9
signer5_sample588,2
signer5_sample592,3
signer5_sample596,3
signer5_sample597,15
signer5_sample610,7
signer5_sample620,11
signer5_sample623,7
signer5_sample632,12
signer5_sample649,12
signer5_sample655,18
signer5_sample657,6
signer5_sample666,1
signer7_sample1,18
signer7_sample8,4
signer7_sample26,8
signer7_sample29,2
signer7_sample39,4
signer7_sample40,15
signer7_sample89,9
signer7_sample90,4
signer7_sample127,12
signer7_sample134,11
signer7_sample141,15
signer7_sample167,2
signer7_sample168,0
signer7_sample176,4
signer7_sample178,11
signer7_sample184,10
signer7_sample187,10
signer7_sample202,10
signer7_sample203,17
signer7_sample239,6
signer7_sample253,19
signer7_sample267,8
signer7_sample268,4
signer7_sample281,18
signer7_sample286,5
signer7_sample298,0
signer7_sample305,7
signer7_sample332,11
signer7_sample333,18
signer7_sample339,5
signer7_sample354,15
signer7_sample380,18
signer7_sample387,7
signer7_sample397,5
signer7_sample408,6
signer7_sample412,2
signer7_sample424,4
signer7_sample446,9
signer7_sample452,11
signer7_sample482,17
signer7_sample483,7
signer7_sample487,0
signer7_sample488,4
signer7_sample492,3
signer7_sample511,18
signer7_sample516,15
signer7_sample517,19
signer7_sample518,16
signer7_sample522,10
signer7_sample525,14
signer7_sample532,10
signer7_sample538,14
signer7_sample571,13
signer7_sample574,15
signer7_sample579,1
signer7_sample599,6
signer7_sample639,8
signer7_sample651,1
signer7_sample662,2
signer7_sample664,0
signer7_sample671,8
signer7_sample704,13
signer7_sample705,7
signer7_sample718,3
signer7_sample727,2
signer7_sample731,16
signer7_sample743,11
signer7_sample750,2
signer7_sample754,19
signer7_sample755,16
signer7_sample781,1
signer7_sample798,11
signer7_sample799,8
signer7_sample822,9
signer7_sample827,1
signer7_sample833,3
signer7_sample840,6
signer7_sample857,0
signer7_sample862,6
signer7_sample866,12
signer7_sample878,18
signer7_sample881,11
signer7_sample886,14
signer7_sample893,4
signer7_sample896,12
signer7_sample910,13
signer7_sample922,19
signer7_sample930,15
signer7_sample931,13
signer7_sample938,16
signer7_sample970,14
signer7_sample983,3
signer7_sample997,14
signer7_sample1042,6
signer7_sample1080,18
signer7_sample1109,12
signer7_sample1113,7
signer7_sample1119,6
signer7_sample1137,17
signer7_sample1142,9
signer7_sample1156,2
signer7_sample1214,15
signer7_sample1215,18
signer7_sample1229,17
signer7_sample1251,12
signer7_sample1257,16
signer7_sample1285,18
signer7_sample1286,3
signer7_sample1294,14
signer7_sample1300,9
signer7_sample1309,19
signer7_sample1315,16
signer7_sample1320,14
signer7_sample1335,18
signer7_sample1349,0
signer7_sample1354,19
signer7_sample1361,12
signer7_sample1364,8
signer7_sample1396,3
signer7_sample1399,12
signer7_sample1421,2
signer7_sample1430,5
signer7_sample1443,8
signer7_sample1454,16
signer7_sample1471,19
signer7_sample1490,13
signer7_sample1496,17
signer7_sample1506,13
signer7_sample1507,11
signer7_sample1525,5
signer7_sample1526,19
signer7_sample1542,4
signer7_sample1555,1
signer7_sample1562,18
signer7_sample1577,14
signer7_sample1582,15
signer7_sample1585,13
signer7_sample1604,7
signer7_sample1607,19
signer7_sample1612,1
signer7_sample1613,16
signer7_sample1614,0
signer7_sample1621,1
signer7_sample1625,9
signer7_sample1643,2
signer7_sample1646,7
signer7_sample1657,8
signer7_sample1664,6
signer7_sample1686,10
signer7_sample1697,9
signer7_sample1711,12
signer7_sample1723,15
signer7_sample1729,5
signer7_sample1733,6
signer7_sample1776,3
signer7_sample1790,15
signer7_sample1804,2
signer7_sample1809,18
signer7_sample1827,0
signer7_sample1859,3
signer7_sample1878,9
signer7_sample1885,9
signer7_sample1886,0
signer7_sample1888,4
signer7_sample1906,12
signer7_sample1926,4
signer7_sample1934,10
signer7_sample1957,14
signer7_sample1959,16
signer7_sample1962,12
signer7_sample1966,2
signer7_sample1979,17
signer7_sample1984,8
signer7_sample2016,1
signer7_sample2021,11
signer7_sample2030,17
signer7_sample2031,10
signer7_sample2035,17
signer7_sample2038,13
signer7_sample2066,14
signer7_sample2071,7
signer7_sample2092,16
signer7_sample2123,14
signer7_sample2133,10
signer7_sample2144,2
signer7_sample2158,1
signer7_sample2159,0
signer7_sample2162,7
signer7_sample2165,16
signer7_sample2180,17
signer7_sample2196,17
signer7_sample2205,10
signer7_sample2208,15
signer7_sample2215,19
signer7_sample2223,1
signer7_sample2243,13
signer7_sample2248,7
signer7_sample2262,13
signer7_sample2266,8
signer7_sample2271,16
signer7_sample2318,3
signer7_sample2320,1
signer7_sample2321,3
signer7_sample2332,5
signer7_sample2350,3
signer7_sample2351,10
signer7_sample2368,5
signer7_sample2369,5
signer7_sample2376,3
signer7_sample2390,7
signer7_sample2409,8
signer7_sample2416,17
signer7_sample2439,0
signer7_sample2445,14
signer7_sample2472,11
signer7_sample2475,4
signer7_sample2481,1
signer7_sample2496,12
signer7_sample2514,9
signer7_sample2515,6
signer7_sample2521,15
signer7_sample2526,5
signer7_sample2534,19
signer7_sample2557,8
signer7_sample2562,6
signer7_sample2564,17
signer7_sample2568,11
signer7_sample2570,10
signer7_sample2592,13
signer7_sample2604,5
signer7_sample2624,12
signer7_sample2636,7
signer7_sample2641,9
signer7_sample2654,9
signer7_sample2655,19
signer7_sample2685,6
signer7_sample2686,13
signer7_sample2687,5
signer7_sample2688,0
signer7_sample2694,11
signer8_sample2,4
signer8_sample9,13
signer8_sample65,4
signer8_sample68,18
signer8_sample69,4
signer8_sample72,6
signer8_sample76,15
signer8_sample79,10
signer8_sample99,19
signer8_sample121,9
signer8_sample123,2
signer8_sample129,13
signer8_sample144,15
signer8_sample148,3
signer8_sample166,11
signer8_sample176,10
signer8_sample190,15
signer8_sample191,9
signer8_sample210,0
signer8_sample215,14
signer8_sample226,3
signer8_sample247,18
signer8_sample252,8
signer8_sample278,1
signer8_sample281,16
signer8_sample283,18
signer8_sample293,19
signer8_sample301,7
signer8_sample314,12
signer8_sample317,13
signer8_sample321,9
signer8_sample323,0
signer8_sample358,15
signer8_sample362,18
signer8_sample371,15
signer8_sample375,3
signer8_sample381,7
signer8_sample401,17
signer8_sample410,17
signer8_sample426,14
signer8_sample433,19
signer8_sample434,12
signer8_sample437,18
signer8_sample456,1
signer8_sample457,10
signer8_sample468,10
signer8_sample471,10
signer8_sample489,0
signer8_sample497,3
signer8_sample512,2
signer8_sample525,6
signer8_sample540,14
signer8_sample541,6
signer8_sample559,18
signer8_sample567,10
signer8_sample569,17
signer8_sample570,11
signer8_sample579,5
signer8_sample583,6
signer8_sample586,0
signer8_sample616,19
signer8_sample617,17
signer8_sample625,7
signer8_sample654,18
signer8_sample666,2
signer8_sample667,19
signer8_sample681,6
signer8_sample696,0
signer8_sample697,1
signer8_sample698,9
signer8_sample703,16
signer8_sample706,8
signer8_sample714,3
signer8_sample716,16
signer8_sample717,12
signer8_sample720,9
signer8_sample721,6
signer8_sample740,18
signer8_sample768,9
signer8_sample793,11
signer8_sample807,0
signer8_sample891,16
signer8_sample898,14
signer8_sample917,17
signer8_sample931,14
signer8_sample933,4
signer8_sample950,9
signer8_sample964,2
signer8_sample968,5
signer8_sample976,2
signer8_sample988,11
signer8_sample991,17
signer8_sample994,5
signer8_sample1009,14
signer8_sample1014,10
signer8_sample1035,5
signer8_sample1057,13
signer8_sample1058,9
signer8_sample1064,0
signer8_sample1066,5
signer8_sample1076,15
signer8_sample1080,3
signer8_sample1089,4
signer8_sample1093,11
signer8_sample1094,0
signer8_sample1140,19
signer8_sample1143,9
signer8_sample1154,8
signer8_sample1193,6
signer8_sample1208,2
signer8_sample1210,4
signer8_sample1242,17
signer8_sample1251,3
signer8_sample1272,8
signer8_sample1295,11
signer8_sample1313,6
signer8_sample1333,3
signer8_sample1339,2
signer8_sample1341,5
signer8_sample1371,7
signer8_sample1376,12
signer8_sample1387,15
signer8_sample1412,1
signer8_sample1414,18
signer8_sample1430,4
signer8_sample1458,16
signer8_sample1461,13
signer8_sample1475,12
signer8_sample1503,1
signer8_sample1521,16
signer8_sample1529,6
signer8_sample1535,2
signer8_sample1540,0
signer8_sample1567,3
signer8_sample1583,2
signer8_sample1584,6
signer8_sample1589,1
signer8_sample1605,13
signer8_sample1613,14
signer8_sample1616,11
signer8_sample1620,8
signer8_sample1626,5
signer8_sample1635,7
signer8_sample1638,8
signer8_sample1639,7
signer8_sample1663,0
signer8_sample1697,15
signer8_sample1710,0
signer8_sample1726,12
signer8_sample1737,13
signer8_sample1739,13
signer8_sample1741,19
signer8_sample1755,6
signer8_sample1763,8
signer8_sample1766,19
signer8_sample1774,13
signer8_sample1779,12
signer8_sample1780,8
signer8_sample1782,7
signer8_sample1786,5
signer8_sample1793,8
signer8_sample1804,19
signer8_sample1809,13
signer8_sample1813,9
signer8_sample1817,4
signer8_sample1821,10
signer8_sample1824,1
signer8_sample1829,14
signer8_sample1841,13
signer8_sample1851,2
signer8_sample1856,16
signer8_sample1861,0
signer8_sample1880,13
signer8_sample1899,10
signer8_sample1907,1
signer8_sample1912,16
signer8_sample1917,2
signer8_sample1924,17
signer8_sample1933,19
signer8_sample1943,15
signer8_sample1949,5
signer8_sample1950,15
signer8_sample1976,6
signer8_sample1980,3
signer8_sample1990,7
signer8_sample1993,16
signer8_sample1997,2
signer8_sample1999,10
signer8_sample2009,8
signer8_sample2017,4
signer8_sample2032,12
signer8_sample2034,3
signer8_sample2043,12
signer8_sample2050,7
signer8_sample2112,8
signer8_sample2138,4
signer8_sample2139,7
signer8_sample2142,17
signer8_sample2194,14
signer8_sample2196,1
signer8_sample2203,19
signer8_sample2208,16
signer8_sample2218,1
signer8_sample2222,10
signer8_sample2227,15
signer8_sample2230,11
signer8_sample2236,1
signer8_sample2269,16
signer8_sample2324,12
signer8_sample2326,17
signer8_sample2347,5
signer8_sample2369,7
signer8_sample2376,18
signer8_sample2387,19
signer8_sample2407,7
signer8_sample2408,1
signer8_sample2440,9
signer8_sample2461,12
signer8_sample2473,18
signer8_sample2475,4
signer8_sample2485,14
signer8_sample2486,14
signer8_sample2489,11
signer8_sample2501,5
signer8_sample2514,11
signer8_sample2515,11
signer8_sample2550,14
signer8_sample2569,5
signer8_sample2572,9
signer8_sample2589,12
signer8_sample2590,17
signer8_sample2624,18
signer8_sample2631,16
signer8_sample2637,15
signer8_sample2638,8
signer8_sample2648,4
signer8_sample2659,17
signer8_sample2669,10
signer8_sample2680,3
signer8_sample2690,11
signer9_sample22,0
signer9_sample40,16
signer9_sample43,13
signer9_sample70,11
signer9_sample79,0
signer9_sample85,6
signer9_sample102,2
signer9_sample111,9
signer9_sample127,3
signer9_sample133,13
signer9_sample138,8
signer9_sample145,19
signer9_sample152,1
signer9_sample161,5
signer9_sample178,7
signer9_sample191,18
signer9_sample212,2
signer9_sample246,3
signer9_sample256,11
signer9_sample261,17
signer9_sample274,6
signer9_sample299,3
signer9_sample305,15
signer9_sample309,5
signer9_sample321,1
signer9_sample322,9
signer9_sample330,2
signer9_sample332,10
signer9_sample351,12
signer9_sample354,7
signer9_sample370,11
signer9_sample380,5
signer9_sample399,0
signer9_sample409,16
signer9_sample423,1
signer9_sample425,12
signer9_sample431,12
signer9_sample434,10
signer9_sample439,4
signer9_sample440,19
signer9_sample465,18
signer9_sample468,4
signer9_sample469,15
signer9_sample472,8
signer9_sample483,17
signer9_sample484,15
signer9_sample499,16
signer9_sample520,9
signer9_sample528,7
signer9_sample548,13
signer9_sample597,18
signer9_sample618,17
signer9_sample624,4
signer9_sample630,19
signer9_sample639,6
signer9_sample664,8
signer9_sample673,10
signer10_sample4,19
signer10_sample27,10
signer10_sample44,17
signer10_sample52,4
signer10_sample61,9
signer10_sample62,1
signer10_sample69,18
signer10_sample78,12
signer10_sample122,11
signer10_sample124,10
signer10_sample125,4
signer10_sample140,0
signer10_sample155,15
signer10_sample196,7
signer10_sample219,7
signer10_sample222,6
signer10_sample228,13
signer10_sample233,5
signer10_sample253,11
signer10_sample263,2
signer10_sample281,1
signer10_sample291,16
signer10_sample308,17
signer10_sample309,16
signer10_sample318,4
signer10_sample339,8
signer10_sample346,3
signer10_sample353,13
signer10_sample362,17
signer10_sample392,9
signer10_sample394,12
signer10_sample405,5
signer10_sample423,2
signer10_sample434,2
signer10_sample438,0
signer10_sample444,7
signer10_sample447,16
signer10_sample460,6
signer10_sample470,18
signer10_sample471,3
signer10_sample483,8
signer10_sample485,19
signer10_sample494,6
signer10_sample495,5
signer10_sample498,3
signer10_sample510,10
signer10_sample523,15
signer10_sample537,15
signer10_sample548,12
signer10_sample565,8
signer10_sample569,11
signer10_sample573,1
signer10_sample592,18
signer10_sample650,0
signer10_sample655,9
signer10_sample666,13
signer10_sample668,19
signer12_sample4,18
signer12_sample5,19
signer12_sample20,15
signer12_sample33,7
signer12_sample37,17
signer12_sample44,2
signer12_sample54,3
signer12_sample63,4
signer12_sample100,14
signer12_sample109,18
signer12_sample131,6
signer12_sample133,14
signer12_sample148,10
signer12_sample164,9
signer12_sample193,15
signer12_sample195,5
signer12_sample200,2
signer12_sample237,6
signer12_sample238,5
signer12_sample255,18
signer12_sample259,6
signer12_sample264,15
signer12_sample268,2
signer12_sample274,12
signer12_sample311,14
signer12_sample315,3
signer12_sample334,15
signer12_sample338,9
signer12_sample349,12
signer12_sample381,8
signer12_sample385,19
signer12_sample407,4
signer12_sample417,5
signer12_sample424,6
signer12_sample425,16
signer12_sample427,17
signer12_sample456,4
signer12_sample473,0
signer12_sample484,18
signer12_sample488,7
signer12_sample489,19
signer12_sample500,8
signer12_sample514,9
signer12_sample566,7
signer12_sample573,0
signer12_sample614,6
signer12_sample615,9
signer12_sample623,13
signer12_sample632,18
signer12_sample643,11
signer12_sample652,18
signer12_sample659,16
signer12_sample667,8
signer12_sample669,18
signer12_sample670,1
signer12_sample680,15
signer12_sample683,14
signer12_sample691,5
signer12_sample709,13
signer12_sample715,13
signer12_sample732,1
signer12_sample738,17
signer12_sample741,5
signer12_sample747,5
signer12_sample754,2
signer12_sample758,3
signer12_sample763,8
signer12_sample779,5
signer12_sample781,18
signer12_sample806,0
signer12_sample808,12
signer12_sample824,10
signer12_sample828,7
signer12_sample842,3
signer12_sample868,7
signer12_sample869,7
signer12_sample892,19
signer12_sample896,1
signer12_sample898,19
signer12_sample903,12
signer12_sample931,3
signer12_sample944,14
signer12_sample948,5
signer12_sample949,6
signer12_sample964,16
signer12_sample982,7
signer12_sample1001,17
signer12_sample1009,7
signer12_sample1019,2
signer12_sample1034,3
signer12_sample1039,4
signer12_sample1045,0
signer12_sample1046,12
signer12_sample1055,14
signer12_sample1056,11
signer12_sample1062,16
signer12_sample1088,3
signer12_sample1098,1
signer12_sample1104,17
signer12_sample1107,8
signer12_sample1131,14
signer12_sample1147,16
signer12_sample1151,13
signer12_sample1160,4
signer12_sample1183,10
signer12_sample1190,9
signer12_sample1209,19
signer12_sample1211,3
signer12_sample1213,9
signer12_sample1214,8
signer12_sample1219,9
signer12_sample1224,8
signer12_sample1254,4
signer12_sample1258,2
signer12_sample1276,0
signer12_sample1279,14
signer12_sample1286,11
signer12_sample1294,1
signer12_sample1325,16
signer12_sample1345,6
signer12_sample1362,0
signer12_sample1366,4
signer12_sample1378,11
signer12_sample1382,0
signer12_sample1386,8
signer12_sample1399,8
signer12_sample1408,6
signer12_sample1409,12
signer12_sample1411,13
signer12_sample1415,10
signer12_sample1432,12
signer12_sample1437,4
signer12_sample1443,9
signer12_sample1449,10
signer12_sample1450,18
signer12_sample1464,16
signer12_sample1476,16
signer12_sample1489,11
signer12_sample1507,17
signer12_sample1516,19
signer12_sample1522,3
signer12_sample1552,11
signer12_sample1558,12
signer12_sample1561,11
signer12_sample1567,1
signer12_sample1580,0
signer12_sample1599,7
signer12_sample1601,15
signer12_sample1602,4
signer12_sample1609,17
signer12_sample1610,2
signer12_sample1611,1
signer12_sample1623,9
signer12_sample1660,13
signer12_sample1664,1
signer12_sample1689,19
signer12_sample1703,13
signer12_sample1720,10
signer12_sample1723,10
signer12_sample1732,15
signer12_sample1743,15
signer12_sample1767,15
signer12_sample1773,2
signer12_sample1781,11
signer12_sample1801,13
signer12_sample1807,10
signer12_sample1810,11
signer12_sample1837,5
signer12_sample1852,14
signer12_sample1905,13
signer12_sample1916,1
signer12_sample1929,16
signer12_sample1958,17
signer12_sample1959,6
signer12_sample1966,19
signer12_sample1969,2
signer12_sample1974,12
signer12_sample1976,0
signer12_sample2005,17
signer12_sample2019,10
signer13_sample5,5
signer13_sample7,16
signer13_sample12,19
signer13_sample20,18
signer13_sample23,12
signer13_sample35,11
signer13_sample79,2
signer13_sample122,8
signer13_sample147,7
signer13_sample148,16
signer13_sample152,15
signer13_sample167,1
signer13_sample169,10
signer13_sample176,10
signer13_sample180,10
signer13_sample184,0
signer13_sample191,3
signer13_sample194,7
signer13_sample197,11
signer13_sample208,2
signer13_sample209,0
signer13_sample214,2
signer13_sample221,0
signer13_sample228,2
signer13_sample234,8
signer13_sample255,1
signer13_sample263,19
signer13_sample287,8
signer13_sample290,7
signer13_sample299,1
signer13_sample300,3
signer13_sample301,0
signer13_sample304,3
signer13_sample313,13
signer13_sample322,15
signer13_sample329,15
signer13_sample333,1
signer13_sample358,8
signer13_sample383,9
signer13_sample396,2
signer13_sample398,2
signer13_sample420,19
signer13_sample439,19
signer13_sample453,17
signer13_sample469,4
signer13_sample476,11
signer13_sample480,13
signer13_sample483,10
signer13_sample488,14
signer13_sample496,19
signer13_sample502,19
signer13_sample522,11
signer13_sample527,17
signer13_sample544,14
signer13_sample559,1
signer13_sample578,5
signer13_sample589,8
signer13_sample620,12
signer13_sample643,15
signer13_sample654,5
signer13_sample669,11
signer13_sample674,18
signer13_sample720,6
signer13_sample742,3
signer13_sample777,13
signer13_sample783,10
signer13_sample824,15
signer13_sample835,1
signer13_sample838,9
signer13_sample850,5
signer13_sample869,2
signer13_sample882,0
signer13_sample934,1
signer13_sample939,8
signer13_sample950,12
signer13_sample956,7
signer13_sample958,0
signer13_sample962,13
signer13_sample984,19
signer13_sample990,18
signer13_sample999,13
signer13_sample1002,15
signer13_sample1005,11
signer13_sample1009,18
signer13_sample1010,14
signer13_sample1011,16
signer13_sample1012,0
signer13_sample1023,4
signer13_sample1028,5
signer13_sample1046,11
signer13_sample1048,12
signer13_sample1079,3
signer13_sample1082,10
signer13_sample1083,14
signer13_sample1104,6
signer13_sample1111,15
signer13_sample1131,14
signer13_sample1135,13
signer13_sample1140,3
signer13_sample1159,5
signer13_sample1192,17
signer13_sample1216,0
signer13_sample1224,9
signer13_sample1240,4
signer13_sample1254,0
signer13_sample1257,19
signer13_sample1258,5
signer13_sample1263,18
signer13_sample1268,12
signer13_sample1276,9
signer13_sample1291,15
signer13_sample1307,4
signer13_sample1309,10
signer13_sample1340,9
signer13_sample1348,1
signer13_sample1352,7
signer13_sample1354,12
signer13_sample1380,6
signer13_sample1403,17
signer13_sample1418,13
signer13_sample1426,4
signer13_sample1433,17
signer13_sample1434,17
signer13_sample1435,7
signer13_sample1437,4
signer13_sample1456,14
signer13_sample1475,8
signer13_sample1477,5
signer13_sample1494,4
signer13_sample1497,4
signer13_sample1509,11
signer13_sample1515,6
signer13_sample1545,5
signer13_sample1548,1
signer13_sample1576,2
signer13_sample1580,18
signer13_sample1584,18
signer13_sample1588,3
signer13_sample1604,9
signer13_sample1628,7
signer13_sample1643,14
signer13_sample1651,10
signer13_sample1661,6
signer13_sample1683,16
signer13_sample1717,12
signer13_sample1727,12
signer13_sample1739,9
signer13_sample1745,8
signer13_sample1767,11
signer13_sample1770,10
signer13_sample1773,14
signer13_sample1778,19
signer13_sample1794,6
signer13_sample1795,17
signer13_sample1798,3
signer13_sample1799,9
signer13_sample1805,12
signer13_sample1806,16
signer13_sample1833,7
signer13_sample1845,18
signer13_sample1851,16
signer13_sample1857,8
signer13_sample1858,6
signer13_sample1865,6
signer13_sample1871,16
signer13_sample1872,6
signer13_sample1874,15
signer13_sample1875,13
signer13_sample1903,7
signer13_sample1908,4
signer13_sample1912,16
signer13_sample1915,17
signer13_sample1930,13
signer13_sample1932,9
signer13_sample1965,18
signer13_sample1969,16
signer13_sample1973,3
signer13_sample1974,14
signer13_sample1977,17
signer13_sample2014,2
signer15_sample2,16
signer15_sample17,0
signer15_sample20,11
signer15_sample21,13
signer15_sample28,4
signer15_sample47,16
signer15_sample57,7
signer15_sample63,15
signer15_sample65,5
signer15_sample131,12
signer15_sample132,11
signer15_sample146,12
signer15_sample151,1
signer15_sample160,2
signer15_sample162,9
signer15_sample170,3
signer15_sample177,17
signer15_sample223,10
signer15_sample227,5
signer15_sample232,13
signer15_sample237,7
signer15_sample250,3
signer15_sample284,18
signer15_sample290,10
signer15_sample306,18
signer15_sample313,14
signer15_sample317,19
signer15_sample351,15
signer15_sample359,14
signer15_sample361,8
signer15_sample365,0
signer15_sample377,6
signer15_sample380,4
signer15_sample381,9
signer15_sample382,19
signer15_sample410,8
signer15_sample412,1
signer15_sample427,17
signer15_sample441,6
signer15_sample445,2
signer17_sample27,0
signer17_sample32,4
signer17_sample37,8
signer17_sample39,19
signer17_sample46,4
signer17_sample47,2
signer17_sample90,16
signer17_sample103,3
signer17_sample122,12
signer17_sample129,3
signer17_sample155,17
signer17_sample184,9
signer17_sample200,11
signer17_sample201,5
signer17_sample210,7
signer17_sample226,17
signer17_sample239,14
signer17_sample243,10
signer17_sample252,18
signer17_sample258,10
signer17_sample273,11
signer17_sample274,1
signer17_sample289,2
signer17_sample302,9
signer17_sample310,19
signer17_sample311,16
signer17_sample318,15
signer17_sample328,12
signer17_sample348,15
signer17_sample349,14
signer17_sample369,13
signer17_sample371,5
signer17_sample383,18
signer17_sample388,1
signer17_sample393,8
signer17_sample396,7
signer17_sample398,13
signer17_sample429,0
signer19_sample33,1
signer19_sample39,9
signer19_sample55,7
signer19_sample82,19
signer19_sample88,6
signer19_sample95,14
signer19_sample105,3
signer19_sample121,2
signer19_sample122,17
signer19_sample128,11
signer19_sample131,13
signer19_sample138,2
signer19_sample157,5
signer19_sample172,18
signer19_sample176,10
signer19_sample182,12
signer19_sample188,11
signer19_sample194,0
signer19_sample212,13
signer19_sample240,2
signer19_sample243,8
signer19_sample250,5
signer19_sample271,14
signer19_sample284,1
signer19_sample285,6
signer19_sample292,19
signer19_sample316,0
signer19_sample322,10
signer19_sample332,17
signer19_sample335,4
signer19_sample346,5
signer19_sample360,12
signer19_sample361,16
signer19_sample368,8
signer19_sample370,15
signer19_sample399,16
signer19_sample409,7
signer19_sample413,4
signer19_sample418,18
signer19_sample433,4
signer19_sample434,6
signer19_sample436,3
signer19_sample461,3
signer19_sample469,15
signer19_sample472,10
signer19_sample473,17
signer19_sample485,15
signer19_sample495,0
signer19_sample501,11
signer19_sample505,14
signer19_sample508,19
signer19_sample546,13
signer19_sample548,8
signer19_sample599,18
signer19_sample605,9
signer19_sample607,9
signer19_sample625,16
signer20_sample1,7
signer20_sample3,8
signer20_sample7,11
signer20_sample63,9
signer20_sample71,8
signer20_sample84,19
signer20_sample92,17
signer20_sample94,13
signer20_sample117,8
signer20_sample120,4
signer20_sample125,0
signer20_sample133,18
signer20_sample144,2
signer20_sample167,16
signer20_sample169,14
signer20_sample207,15
signer20_sample234,18
signer20_sample238,14
signer20_sample247,1
signer20_sample259,10
signer20_sample304,15
signer20_sample336,1
signer20_sample348,13
signer20_sample353,5
signer20_sample354,17
signer20_sample357,7
signer20_sample360,3
signer20_sample377,16
signer20_sample378,12
signer20_sample385,4
signer20_sample388,17
signer20_sample389,6
signer20_sample391,3
signer20_sample402,12
signer20_sample405,5
signer20_sample408,10
signer20_sample409,19
signer20_sample439,2
signer20_sample462,7
signer20_sample466,15
signer20_sample483,3
signer20_sample516,11
signer20_sample520,13
signer20_sample525,6
signer20_sample527,5
signer20_sample529,2
signer20_sample551,9
signer20_sample581,0
signer20_sample585,16
signer20_sample591,0
signer20_sample595,19
signer20_sample596,11
signer20_sample600,14
signer20_sample604,4
signer20_sample610,9
signer20_sample618,12
signer20_sample619,18
signer20_sample621,6
signer20_sample633,10
signer21_sample4,15
signer21_sample19,8
signer21_sample32,6
signer21_sample35,11
signer21_sample41,3
signer21_sample87,4
signer21_sample94,19
signer21_sample98,18
signer21_sample106,4
signer21_sample116,5
signer21_sample129,5
signer21_sample133,10
signer21_sample139,4
signer21_sample142,7
signer21_sample149,2
signer21_sample152,0
signer21_sample176,11
signer21_sample179,5
signer21_sample202,1
signer21_sample233,16
signer21_sample255,17
signer21_sample258,9
signer21_sample264,13
signer21_sample277,12
signer21_sample296,0
signer21_sample326,8
signer21_sample341,12
signer21_sample343,2
signer21_sample359,9
signer21_sample389,7
signer21_sample390,17
signer21_sample393,15
signer21_sample395,15
signer21_sample402,3
signer21_sample413,12
signer21_sample415,1
signer21_sample448,13
signer21_sample457,9
signer21_sample483,0
signer21_sample499,1
signer21_sample504,19
signer21_sample512,10
signer21_sample519,18
signer21_sample522,14
signer21_sample524,7
signer21_sample531,13
signer21_sample538,14
signer21_sample559,18
signer21_sample583,8
signer21_sample602,17
signer21_sample606,16
signer21_sample607,6
signer21_sample611,10
signer21_sample629,6
signer22_sample2,7
signer22_sample6,0
signer22_sample17,6
signer22_sample28,2
signer22_sample30,2
signer22_sample50,11
signer22_sample61,16
signer22_sample70,14
signer22_sample88,1
signer22_sample89,8
signer22_sample97,9
signer22_sample99,10
signer22_sample118,3
signer22_sample136,6
signer22_sample138,15
signer22_sample142,17
signer22_sample149,12
signer22_sample160,4
signer22_sample168,9
signer22_sample172,14
signer22_sample193,15
signer22_sample195,2
signer22_sample207,5
signer22_sample217,18
signer22_sample218,3
signer22_sample224,0
signer22_sample259,18
signer22_sample281,13
signer22_sample310,8
signer22_sample313,1
signer22_sample325,9
signer22_sample360,10
signer22_sample362,10
signer22_sample365,19
signer22_sample371,7
signer22_sample407,17
signer22_sample410,5
signer22_sample422,6
signer22_sample424,19
signer22_sample436,3
signer22_sample442,5
signer22_sample447,8
signer22_sample449,1
signer22_sample452,4
signer22_sample464,16
signer22_sample475,11
signer22_sample488,15
signer22_sample496,13
signer22_sample500,7
signer22_sample513,17
signer22_sample564,12
signer22_sample568,13
signer22_sample572,19
signer22_sample594,11
signer22_sample595,0
signer22_sample599,4
signer22_sample608,14
signer23_sample14,3
signer23_sample18,15
signer23_sample25,17
signer23_sample28,17
signer23_sample30,5
signer23_sample33,1
signer23_sample36,16
signer23_sample42,12
signer23_sample56,8
signer23_sample65,19
signer23_sample68,13
signer23_sample69,13
signer23_sample87,7
signer23_sample88,10
signer23_sample106,5
signer23_sample139,18
signer23_sample159,15
signer23_sample161,7
signer23_sample166,14
signer23_sample172,2
signer23_sample178,0
signer23_sample208,18
signer23_sample215,14
signer23_sample258,9
signer23_sample263,15
signer23_sample264,6
signer23_sample273,2
signer23_sample285,5
signer23_sample296,10
signer23_sample316,3
signer23_sample322,0
signer23_sample324,7
signer23_sample326,4
signer23_sample333,12
signer23_sample344,6
signer23_sample348,10
signer23_sample369,4
signer23_sample372,3
signer23_sample379,13
signer23_sample404,8
signer23_sample422,9
signer23_sample440,18
signer23_sample451,0
signer23_sample471,16
signer23_sample473,11
signer23_sample495,12
signer23_sample506,11
signer23_sample510,17
signer23_sample512,11
signer23_sample536,19
signer23_sample555,1
signer23_sample562,2
signer23_sample627,14
signer23_sample628,8
signer23_sample636,16
signer23_sample645,9
signer23_sample650,4
signer23_sample662,1
signer23_sample667,6
signer23_sample674,19
signer24_sample5,15
signer24_sample7,19
signer24_sample9,19
signer24_sample16,1
signer24_sample36,6
signer24_sample44,18
signer24_sample48,9
signer24_sample53,17
signer24_sample62,13
signer24_sample63,3
signer24_sample70,10
signer24_sample79,5
signer24_sample86,11
signer24_sample110,13
signer24_sample130,4
signer24_sample137,18
signer24_sample152,5
signer24_sample154,2
signer24_sample204,3
signer24_sample215,1
signer24_sample216,16
signer24_sample228,16
signer24_sample234,2
signer24_sample237,14
signer24_sample240,19
signer24_sample255,3
signer24_sample274,7
signer24_sample287,6
signer24_sample297,12
signer24_sample301,8
signer24_sample316,7
signer24_sample328,14
signer24_sample348,0
signer24_sample354,16
signer24_sample364,9
signer24_sample379,11
signer24_sample401,15
signer24_sample406,17
signer24_sample408,1
signer24_sample460,4
signer24_sample463,8
signer24_sample473,7
signer24_sample477,0
signer24_sample495,6
signer24_sample507,10
signer24_sample519,17
signer24_sample521,0
signer24_sample542,15
signer24_sample547,8
signer24_sample564,11
signer24_sample573,2
signer24_sample603,10
signer24_sample618,9
signer24_sample620,5
signer24_sample623,13
signer24_sample625,4
signer24_sample656,18
signer24_sample658,12
signer24_sample665,12
signer24_sample668,14
signer26_sample10,0
signer26_sample12,14
signer26_sample13,11
signer26_sample18,3
signer26_sample26,10
signer26_sample41,7
signer26_sample70,4
signer26_sample76,5
signer26_sample103,9
signer26_sample104,3
signer26_sample109,0
signer26_sample116,4
signer26_sample132,18
signer26_sample158,15
signer26_sample171,2
signer26_sample186,17
signer26_sample203,8
signer26_sample209,17
signer26_sample211,12
signer26_sample216,1
signer26_sample248,9
signer26_sample279,2
signer26_sample285,3
signer26_sample300,19
signer26_sample310,16
signer26_sample316,19
signer26_sample344,5
signer26_sample347,18
signer26_sample350,15
signer26_sample353,14
signer26_sample367,18
signer26_sample378,6
signer26_sample394,12
signer26_sample410,11
signer26_sample415,17
signer26_sample424,10
signer26_sample427,7
signer26_sample431,0
signer26_sample443,19
signer26_sample483,16
signer26_sample484,16
signer26_sample517,10
signer26_sample525,5
signer26_sample537,2
signer26_sample541,8
signer26_sample574,11
signer26_sample577,14
signer26_sample578,15
signer26_sample585,6
signer26_sample604,6
signer26_sample608,1
signer26_sample609,8
signer26_sample632,12
signer26_sample635,9
signer28_sample5,4
signer28_sample12,3
signer28_sample18,9
signer28_sample40,3
signer28_sample54,14
signer28_sample66,17
signer28_sample73,6
signer28_sample101,9
signer28_sample110,11
signer28_sample120,19
signer28_sample140,16
signer28_sample142,1
signer28_sample161,7
signer28_sample177,17
signer28_sample188,13
signer28_sample191,8
signer28_sample201,4
signer28_sample225,13
signer28_sample230,8
signer28_sample235,5
signer28_sample238,7
signer28_sample249,5
signer28_sample259,10
signer28_sample271,10
signer28_sample272,10
signer28_sample280,15
signer28_sample282,18
signer28_sample292,3
signer28_sample294,0
signer28_sample302,0
signer28_sample325,19
signer28_sample354,4
signer28_sample370,17
signer28_sample381,11
signer28_sample402,12
signer28_sample414,18
signer28_sample416,0
signer28_sample420,2
signer28_sample431,16
signer28_sample447,16
signer28_sample450,2
signer28_sample476,6
signer28_sample480,7
signer28_sample496,9
signer28_sample503,8
signer28_sample516,18
signer28_sample523,15
signer28_sample533,15
signer28_sample552,13
signer28_sample557,1
signer28_sample565,14
signer28_sample590,12
signer28_sample596,11
signer28_sample599,2
signer28_sample610,14
signer29_sample1,3
signer29_sample3,11
signer29_sample9,10
signer29_sample12,16
signer29_sample26,19
signer29_sample33,14
signer29_sample54,1
signer29_sample84,17
signer29_sample102,9
signer29_sample136,14
signer29_sample140,6
signer29_sample142,5
signer29_sample162,8
signer29_sample167,2
signer29_sample168,2
signer29_sample174,15
signer29_sample175,16
signer29_sample179,13
signer29_sample213,4
signer29_sample217,3
signer29_sample233,12
signer29_sample239,16
signer29_sample244,3
signer29_sample248,17
signer29_sample250,7
signer29_sample268,12
signer29_sample270,18
signer29_sample282,4
signer29_sample297,7
signer29_sample312,8
signer29_sample322,18
signer29_sample343,13
signer29_sample349,15
signer29_sample354,10
signer29_sample355,10
signer29_sample406,19
signer29_sample420,7
signer29_sample433,15
signer29_sample441,11
signer29_sample446,0
signer29_sample448,19
signer29_sample474,8
signer29_sample503,0
signer29_sample511,9
signer29_sample532,1
signer29_sample543,1
signer29_sample550,5
signer29_sample555,0
signer29_sample558,14
signer29_sample571,17
signer29_sample581,6
signer29_sample585,18
signer29_sample601,2
signer29_sample611,12
signer29_sample633,11
signer29_sample637,13
signer31_sample5,7
signer31_sample11,9
signer31_sample40,1
signer31_sample41,4
signer31_sample52,16
signer31_sample69,8
signer31_sample89,11
signer31_sample117,16
signer31_sample127,4
signer31_sample140,0
signer31_sample143,19
signer31_sample166,19
signer31_sample169,18
signer31_sample178,2
signer31_sample189,6
signer31_sample191,15
signer31_sample199,16
signer31_sample208,3
signer31_sample219,5
signer31_sample245,14
signer31_sample250,14
signer31_sample268,1
signer31_sample271,18
signer31_sample274,6
signer31_sample275,2
signer31_sample276,5
signer31_sample320,1
signer31_sample338,2
signer31_sample339,9
signer31_sample340,10
signer31_sample347,6
signer31_sample350,17
signer31_sample358,0
signer31_sample373,8
signer31_sample375,7
signer31_sample382,3
signer31_sample393,8
signer31_sample407,15
signer31_sample417,0
signer31_sample418,11
signer31_sample427,9
signer31_sample443,17
signer31_sample450,15
signer31_sample475,12
signer31_sample478,17
signer31_sample491,10
signer31_sample511,4
signer31_sample521,10
signer31_sample539,12
signer31_sample543,12
signer31_sample544,3
signer31_sample557,5
signer31_sample581,14
signer31_sample591,18
signer31_sample632,11
signer31_sample642,19
signer31_sample659,7
signer32_sample10,4
signer32_sample12,1
signer32_sample52,12
signer32_sample72,8
signer32_sample75,6
signer32_sample97,1
signer32_sample100,9
signer32_sample104,2
signer32_sample116,18
signer32_sample119,3
signer32_sample150,3
signer32_sample181,10
signer32_sample197,11
signer32_sample198,19
signer32_sample202,19
signer32_sample212,7
signer32_sample227,9
signer32_sample231,0
signer32_sample256,10
signer32_sample257,5
signer32_sample268,12
signer32_sample282,19
signer32_sample290,15
signer32_sample300,2
signer32_sample302,12
signer32_sample312,16
signer32_sample321,6
signer32_sample325,7
signer32_sample327,0
signer32_sample334,16
signer32_sample352,11
signer32_sample385,8
signer32_sample389,0
signer32_sample392,14
signer32_sample413,14
signer32_sample419,9
signer32_sample424,13
signer32_sample458,11
signer32_sample459,17
signer32_sample469,14
signer32_sample473,16
signer32_sample505,6
signer32_sample507,4
signer32_sample530,1
signer32_sample535,8
signer32_sample539,7
signer32_sample541,18
signer32_sample543,15
signer32_sample551,3
signer32_sample556,13
signer32_sample588,17
signer32_sample592,13
signer32_sample604,5
signer32_sample606,15
signer32_sample612,18
signer32_sample615,5
signer33_sample38,18
signer33_sample39,6
signer33_sample43,7
signer33_sample54,0
signer33_sample73,12
signer33_sample89,10
signer33_sample98,8
signer33_sample99,13
signer33_sample100,15
signer33_sample111,11
signer33_sample126,15
signer33_sample153,5
signer33_sample157,13
signer33_sample178,7
signer33_sample179,16
signer33_sample194,9
signer33_sample198,2
signer33_sample201,15
signer33_sample216,6
signer33_sample217,3
signer33_sample224,2
signer33_sample232,18
signer33_sample241,4
signer33_sample244,5
signer33_sample249,19
signer33_sample268,12
signer33_sample271,12
signer33_sample276,17
signer33_sample279,8
signer33_sample282,14
signer33_sample303,9
signer33_sample304,18
signer33_sample333,19
signer33_sample357,16
signer33_sample398,10
signer33_sample402,10
signer33_sample416,8
signer33_sample438,14
signer33_sample451,1
signer33_sample486,4
signer33_sample489,3
signer33_sample504,16
signer33_sample512,17
signer33_sample526,17
signer33_sample534,3
signer33_sample538,1
signer33_sample539,7
signer33_sample543,2
signer33_sample551,1
signer33_sample568,11
signer33_sample575,13
signer33_sample592,11
signer33_sample611,5
signer33_sample620,14
signer33_sample631,0
signer33_sample644,19
signer33_sample655,0
signer36_sample10,3
signer36_sample31,10
signer36_sample56,5
signer36_sample62,7
signer36_sample66,5
signer36_sample71,15
signer36_sample72,0
signer36_sample78,15
signer36_sample80,1
signer36_sample88,6
signer36_sample97,6
signer36_sample99,8
signer36_sample104,18
signer36_sample116,12
signer36_sample133,19
signer36_sample134,6
signer36_sample137,17
signer36_sample169,11
signer36_sample172,17
signer36_sample174,1
signer36_sample198,14
signer36_sample206,1
signer36_sample209,16
signer36_sample229,19
signer36_sample243,15
signer36_sample249,4
signer36_sample268,9
signer36_sample278,3
signer36_sample297,2
signer36_sample327,16
signer36_sample331,19
signer36_sample334,12
signer36_sample355,18
signer36_sample356,7
signer36_sample362,11
signer36_sample364,14
signer36_sample371,8
signer36_sample393,2
signer36_sample401,10
signer36_sample406,9
signer36_sample417,9
signer36_sample431,8
signer36_sample457,16
signer36_sample487,2
signer36_sample498,14
signer36_sample513,3
signer36_sample517,7
signer36_sample536,10
signer36_sample537,0
signer36_sample563,11
signer36_sample597,4
signer36_sample606,5
signer36_sample610,18
signer36_sample624,17
signer36_sample633,0
signer37_sample7,13
signer37_sample20,19
signer37_sample34,6
signer37_sample43,13
signer37_sample62,0
signer37_sample84,6
signer37_sample112,17
signer37_sample113,8
signer37_sample118,7
signer37_sample125,10
signer37_sample133,1
signer37_sample135,16
signer37_sample147,13
signer37_sample153,14
signer37_sample158,3
signer37_sample160,2
signer37_sample167,11
signer37_sample201,17
signer37_sample206,14
signer37_sample223,9
signer37_sample230,5
signer37_sample241,3
signer37_sample255,5
signer37_sample273,4
signer37_sample291,7
signer37_sample311,15
signer37_sample318,2
signer37_sample335,1
signer37_sample336,1
signer37_sample352,10
signer37_sample353,15
signer37_sample356,2
signer37_sample383,5
signer37_sample385,11
signer37_sample392,19
signer37_sample404,16
signer37_sample405,8
signer37_sample424,7
signer37_sample446,4
signer37_sample447,12
signer37_sample483,14
signer37_sample485,0
signer37_sample496,4
signer37_sample506,9
signer37_sample508,19
signer37_sample515,18
signer37_sample517,6
signer37_sample523,9
signer37_sample539,18
signer37_sample546,11
signer37_sample563,8
signer37_sample568,3
signer37_sample578,12
signer37_sample583,10
signer37_sample605,18
signer37_sample607,16
signer37_sample608,0
signer37_sample610,15
signer37_sample628,12
signer38_sample4,13
signer38_sample7,16
signer38_sample24,12
signer38_sample87,10
signer38_sample105,0
signer38_sample108,13
signer38_sample114,18
signer38_sample118,7
signer38_sample136,10
signer38_sample142,14
signer38_sample159,11
signer38_sample161,16
signer38_sample166,18
signer38_sample174,16
signer38_sample183,3
signer38_sample188,11
signer38_sample195,10
signer38_sample201,3
signer38_sample203,8
signer38_sample215,4
signer38_sample220,5
signer38_sample221,4
signer38_sample226,6
signer38_sample231,1
signer38_sample232,15
signer38_sample257,3
signer38_sample259,17
signer38_sample262,14
signer38_sample264,17
signer38_sample267,13
signer38_sample280,6
signer38_sample282,5
signer38_sample292,7
signer38_sample299,1
signer38_sample301,11
signer38_sample313,9
signer38_sample314,9
signer38_sample325,12
signer38_sample326,1
signer38_sample330,19
signer38_sample347,6
signer38_sample350,19
signer38_sample354,8
signer38_sample378,2
signer38_sample380,4
signer38_sample388,12
signer38_sample397,19
signer38_sample409,0
signer38_sample426,7
signer38_sample433,2
signer38_sample483,15
signer38_sample512,14
signer38_sample532,2
signer38_sample565,18
signer38_sample566,9
signer38_sample579,5
signer38_sample608,0
signer38_sample609,8
signer38_sample615,17
signer38_sample626,15
signer40_sample10,3
signer40_sample30,17
signer40_sample36,13
signer40_sample38,8
signer40_sample53,18
signer40_sample58,10
signer40_sample69,2
signer40_sample74,2
signer40_sample92,6
signer40_sample96,15
signer40_sample99,17
signer40_sample108,0
signer40_sample142,6
signer40_sample154,15
signer40_sample156,5
signer40_sample159,4
signer40_sample184,9
signer40_sample193,12
signer40_sample201,0
signer40_sample232,19
signer40_sample241,7
signer40_sample254,13
signer40_sample256,18
signer40_sample263,4
signer40_sample273,19
signer40_sample274,1
signer40_sample284,17
signer40_sample285,0
signer40_sample295,9
signer40_sample304,4
signer40_sample310,13
signer40_sample316,16
signer40_sample322,14
signer40_sample341,10
signer40_sample377,7
signer40_sample379,8
signer40_sample389,3
signer40_sample394,3
signer40_sample400,14
signer40_sample408,16
signer40_sample416,11
signer40_sample421,16
signer40_sample449,19
signer40_sample487,14
signer40_sample490,1
signer40_sample497,12
signer40_sample504,11
signer40_sample510,5
signer40_sample511,2
signer40_sample531,9
signer40_sample557,15
signer40_sample561,8
signer40_sample568,18
signer40_sample583,6
signer40_sample586,11
signer40_sample616,12
signer40_sample623,5
signer40_sample653,10
signer40_sample655,1
signer40_sample662,7
signer41_sample26,15
signer41_sample31,17
signer41_sample40,7
signer41_sample42,1
signer41_sample55,15
signer41_sample72,0
signer41_sample73,2
signer41_sample80,8
signer41_sample115,4
signer41_sample120,0
signer41_sample122,16
signer41_sample134,14
signer41_sample162,5
signer41_sample193,3
signer41_sample197,18
signer41_sample200,13
signer41_sample233,12
signer41_sample238,14
signer41_sample276,9
signer41_sample285,16
signer41_sample289,2
signer41_sample292,7
signer41_sample296,1
signer41_sample302,19
signer41_sample303,17
signer41_sample315,15
signer41_sample318,2
signer41_sample322,6
signer41_sample327,12
signer41_sample331,13
signer41_sample350,4
signer41_sample379,19
signer41_sample385,10
signer41_sample400,12
signer41_sample409,9
signer41_sample431,8
signer41_sample439,8
signer41_sample454,0
signer41_sample470,10
signer41_sample484,18
signer41_sample498,6
signer41_sample499,10
signer41_sample504,9
signer41_sample507,1
signer41_sample508,4
signer41_sample514,3
signer41_sample532,19
signer41_sample534,14
signer41_sample536,16
signer41_sample539,5
signer41_sample544,3
signer41_sample550,11
signer41_sample554,17
signer41_sample563,11
signer41_sample565,5
signer41_sample569,11
signer41_sample576,7
signer41_sample608,18
signer41_sample657,13
signer42_sample4,11
signer42_sample19,0
signer42_sample30,7
signer42_sample34,9
signer42_sample44,1
signer42_sample50,5
signer42_sample51,9
signer42_sample75,10
signer42_sample104,19
signer42_sample149,1
signer42_sample150,1
signer42_sample156,4
signer42_sample158,13
signer42_sample159,10
signer42_sample187,3
signer42_sample188,6
signer42_sample189,12
signer42_sample199,14
signer42_sample213,12
signer42_sample256,18
signer42_sample270,15
signer42_sample274,6
signer42_sample299,15
signer42_sample300,16
signer42_sample308,4
signer42_sample316,2
signer42_sample329,7
signer42_sample332,10
signer42_sample334,16
signer42_sample345,4
signer42_sample354,17
signer42_sample360,19
signer42_sample365,14
signer42_sample407,18
signer42_sample419,0
signer42_sample422,6
signer42_sample423,18
signer42_sample441,3
signer42_sample443,14
signer42_sample457,8
signer42_sample458,0
signer42_sample466,16
signer42_sample489,17
signer42_sample491,8
signer42_sample497,15
signer42_sample502,2
signer42_sample530,19
signer42_sample550,12
signer42_sample558,5
signer42_sample562,13
signer42_sample566,9
signer42_sample571,11
signer42_sample574,8
signer42_sample584,13
signer42_sample589,2
signer42_sample594,17
signer42_sample603,3
signer42_sample616,11
signer42_sample634,5
signer42_sample672,7
